{"type": "block", "layer": 2, "block": 38, "features": [{"geom": {"polygons": [[[[561.2250158615643, -269.1358530540019], [548.8198751588352, -278.51546669658273], [540.6417076917132, -284.7005515694618], [536.1483156573959, -288.0989513657987], [533.9764582546195, -288.3550921585411], [532.2352813094622, -285.26592777948827], [532.446028140781, -271.53148726560175], [546.3483916289406, -263.3371581323445], [551.5630553998053, -260.27120212092996], [552.1433009909233, -259.91820354480296], [561.2250158615643, -269.1358530540019]]]], "centroids": [[544.3991387889837, -273.4689105078578, 585.0159301757812]], "h": 50.0}, "mtl": {"idx": 0, "edge": 1}}, {"geom": {"polygons": [[[[570.7439752351493, -248.93230852857232], [565.382483061112, -252.12257778085768], [561.2914938206086, -253.32960957475007], [558.7887378300074, -249.12115170806646], [569.0604022480547, -243.0139305125922], [569.8449282939546, -245.58582623209804], [569.6053222353803, -245.72270724363625], [570.3635349327233, -248.39484089240432], [570.7439752351493, -248.93230852857232]]]], "centroids": [[565.1052743954933, -248.62067172769457, 585.5176391601562]], "h": 50.0}, "mtl": {"idx": 0, "edge": 1}}, {"geom": {"polygons": [[[[532.446028140781, -271.53148726560175], [532.6922447171528, -255.9220459293574], [532.8399367163656, -255.85316432267427], [540.8633666007081, -252.23262400273234], [543.306672491075, -256.2090981565416], [547.6539546323474, -253.56722372304648], [545.5161945592845, -250.09612434357405], [555.5549005721696, -244.54713673889637], [555.9327271878719, -244.3304323889315], [558.7887378300074, -249.12115170806646], [561.2914938206086, -253.32960957475007], [561.8262826735736, -254.2195623908192], [559.9192589131417, -255.34773129038513], [552.1433009909233, -259.91820354480296], [551.5630553998053, -260.27120212092996], [549.5666716612759, -256.9198736138642], [546.4710941797821, -258.7433947324753], [546.9009956802474, -259.46863330807537], [544.791204643203, -260.7109222635627], [546.3483916289406, -263.3371581323445], [532.446028140781, -271.53148726560175]]]], "centroids": [[545.3347379749757, -257.16277694515884, 585.4328002929688]], "h": 50.0}, "mtl": {"idx": 0, "edge": 1}}, {"geom": {"polygons": [[[[618.7817019664217, -150.60297319293022], [622.6126849993016, -152.949308488518], [622.3367168680415, -160.79525620304048], [616.1577974067768, -162.86708160769194], [616.388267960865, -163.3292795335874], [610.2163386933971, -166.43249492533505], [610.4371627442888, -166.87266232911497], [598.4071215129225, -172.92996185272932], [598.253709057346, -163.8041952745989], [598.2447784327669, -163.2386769503355], [604.9278568635345, -159.5284487530589], [604.6377863841481, -157.6474982202053], [618.7817019664217, -150.60297319293022]]]], "centroids": [[610.4038426652551, -161.0763960070908, 585.9972534179688]], "h": 50.0}, "mtl": {"idx": 0, "edge": 1}}, {"geom": {"polygons": [[[[622.3367168680415, -160.79525620304048], [622.022478787927, -169.75094416178763], [621.4864317687461, -169.95905254688114], [618.7683105524629, -170.95582772046328], [608.4934023271198, -176.27555454708636], [598.5505529387156, -181.4236786365509], [598.468250812497, -176.2120390823111], [598.4071215129225, -172.92996185272932], [610.4371627442888, -166.87266232911497], [610.2163386933971, -166.43249492533505], [616.388267960865, -163.3292795335874], [616.1577974067768, -162.86708160769194], [622.3367168680415, -160.79525620304048]]]], "centroids": [[610.4872658285312, -170.90055772010237, 586.06787109375]], "h": 50.0}, "mtl": {"idx": 0, "edge": 1}}, {"geom": {"polygons": [[[[591.4783711861819, -167.56025085784495], [598.253709057346, -163.8041952745989], [598.4071215129225, -172.92996185272932], [598.468250812497, -176.2120390823111], [595.8111969387974, -176.36491317674518], [596.0752435722388, -180.7196478806436], [591.848305452615, -180.97495478019118], [591.4783711861819, -167.56025085784495]]]], "centroids": [[594.8980948259123, -172.51334891282022, 586.1904296875]], "h": 50.0}, "mtl": {"idx": 0, "edge": 1}}, {"geom": {"polygons": [[[[585.2099692304619, -171.03102124668658], [591.4783711861819, -167.56025085784495], [591.848305452615, -180.97495478019118], [591.9706144451047, -185.77558233961463], [587.4510488505475, -188.10959716141224], [586.8805635783356, -183.78188481926918], [585.2099692304619, -171.03102124668658]]]], "centroids": [[588.9963880488067, -177.63684302102774, 586.2713623046875]], "h": 50.0}, "mtl": {"idx": 0, "edge": 1}}, {"geom": {"polygons": [[[[567.6476238826872, -238.3445994183421], [559.1767820691457, -238.9553329255432], [558.5747307282872, -233.8073591440916], [557.8446561797755, -227.61881955899298], [557.8018651503371, -227.26457187719643], [566.6808863170445, -226.59193346928805], [567.6476238826872, -238.3445994183421]]]], "centroids": [[562.8250805112766, -232.74263026751578, 585.9368286132812]], "h": 50.0}, "mtl": {"idx": 0, "edge": 1}}, {"geom": {"polygons": [[[[545.0852019776357, -225.75738838873804], [544.6674835798913, -221.0945231206715], [557.0014726524241, -220.15655998326838], [557.3766080580535, -222.7127390904352], [545.0852019776357, -225.75738838873804]]]], "centroids": [[550.4428615585202, -222.53030664939433, 586.2906494140625]], "h": 50.0}, "mtl": {"idx": 0, "edge": 1}}, {"geom": {"polygons": [[[[554.8957693356788, -234.608595601283], [558.5747307282872, -233.8073591440916], [559.1767820691457, -238.9553329255432], [559.5739995997865, -242.32083284668624], [556.4398284038762, -244.05622912477702], [556.0290838236106, -241.60043478012085], [554.8957693356788, -234.608595601283]]]], "centroids": [[557.3221218998078, -238.62696929182857, 585.8267822265625]], "h": 50.0}, "mtl": {"idx": 0, "edge": 1}}, {"geom": {"polygons": [[[[-52.66466262796894, 671.1252113590017], [-48.64833896502387, 670.0242929589003], [-50.31671778217424, 663.2210058849305], [-45.43890846683644, 662.3333896696568], [-43.77035066107055, 669.1255871932954], [-36.718696342082694, 667.7955005168915], [-39.93589109583991, 656.0319960303605], [-42.9836023816606, 654.1092346999794], [-53.074093471630476, 655.890248792246], [-55.544518592651, 659.788521851413], [-52.66466262796894, 671.1252113590017]]]], "centroids": [[-46.39361230639042, 661.7936520706862, 570.4210205078125]], "h": 50.0}, "mtl": {"idx": 0, "edge": 1}}, {"geom": {"polygons": [[[[180.55490239395294, -19.73305067140609], [178.33796745969448, -1.2899116929620504], [176.03401063295314, 17.95042823627591], [168.95220027858159, 17.106256583705544], [167.61240976548288, 28.309519425034523], [174.88928414217662, 29.16787178441882], [172.12375056557357, 52.30506807938218], [189.65688030491583, 54.3794902022928], [196.38614462589612, 55.17369799874723], [197.26793215156067, 55.27638974133879], [197.4628129521152, 55.301657896488905], [204.50471544079483, -3.592998242005706], [206.58353903982788, -20.951371863484383], [181.05926957080374, -23.98415518272668], [180.55490239395294, -19.73305067140609]]]], "centroids": [[188.60746982769342, 15.902009444311261, 582.2132568359375]], "h": 50.0}, "mtl": {"idx": 0, "edge": 1}}, {"geom": {"polygons": [[[[-1082.554932936444, -792.5273591307923], [-1072.6096434337087, -791.115209268406], [-1069.436971934163, -805.7940209880471], [-1079.6368673254037, -807.565161280334], [-1082.554932936444, -792.5273591307923]]]], "centroids": [[-1076.0690371629898, -799.2922710161656, 554.9713745117188]], "h": 50.0}, "mtl": {"idx": 0, "edge": 1}}, {"geom": {"polygons": [[[[620.3237042492256, -223.5264935446903], [626.9409609735012, -232.13981793820858], [619.8349503269419, -238.50754664931446], [615.6464218904148, -233.5382073521614], [613.7737561368849, -235.0762028582394], [610.731107803178, -231.41973455436528], [620.3237042492256, -223.5264935446903]]]], "centroids": [[619.2268631694606, -231.14367527421564, 585.5623779296875]], "h": 50.0}, "mtl": {"idx": 0,